Nome|Marca|Descrizione|Prezzo di Riferimento|Prezzo Vendita|Codice Interno|Link all'offerta|Disponibilita|Albero Categorie|Link Immagine|Spese di Spedizione|Codice Produttore|Codice EAN|Peso|Ulteriore Link Immagine 1|Ulteriore Link Immagine 2|Condizione|Parent ID <endrecord>
ANDROMEDA 100/C - Cassaforte a chiave da muro|Bordogna|Cassaforte a muro con serratura a chiave doppia mappa Bordogna ANDROMEDA 100/C. Di fronte alla crescente insicurezza, la serie ANDROMEDA è la soluzione ideale sia per il professionista che per il privato, per proteggere denaro, gioielli di valore, armi co|4062.00|2840.00|58900878852445|https://cassefortieserrature.com/products/andromeda-100-c-cassaforte-a-chiave-da-muro|disponibile|Casseforti;Casseforti a muro;Casseforti a muro con chiave;Grande;prezzo-oltre-1000|https://cdn.shopify.com/s/files/1/0866/2738/5693/files/Andromeda-100-C.jpg?v=1772560370|37.00|ANDR-100||95.000|||| <endrecord>
ANDROMEDA 20/C - Cassaforte a chiave da muro|Bordogna|Cassaforte a muro con serratura a chiave doppia mappa Bordogna ANDROMEDA 20/C. Di fronte alla crescente insicurezza, la serie ANDROMEDA è la soluzione ideale sia per il professionista che per il privato, per proteggere denaro, gioielli di valore, armi cor|2501.00|1750.00|58900811841885|https://cassefortieserrature.com/products/andromeda-20-c-cassaforte-a-chiave-da-muro|disponibile|Casseforti;Casseforti a muro;Casseforti a muro con chiave;media;prezzo-oltre-1000|https://cdn.shopify.com/s/files/1/0866/2738/5693/files/Andromeda-20-semiaperta.jpg?v=1772560402|20.00|ANDR-20||41.000|||| <endrecord>
ANDROMEDA 35/C - Cassaforte a chiave da muro|Bordogna|Cassaforte a muro con serratura a chiave doppia mappa Bordogna ANDROMEDA 35/C. Di fronte alla crescente insicurezza, la serie ANDROMEDA è la soluzione ideale sia per il professionista che per il privato, per proteggere denaro, gioielli di valore, armi cor|2903.00|2030.00|58900844675421|https://cassefortieserrature.com/products/andromeda-35-c-cassaforte-a-chiave-da-muro|disponibile|Casseforti;Casseforti a muro;Casseforti a muro con chiave;media;prezzo-oltre-1000|https://cdn.shopify.com/s/files/1/0866/2738/5693/files/Andromeda-35-chiusa.jpg?v=1772560397|20.00|ANDR-35||50.000|||| <endrecord>
ANDROMEDA 35/E - Cassaforte da muro con combinazione elettronica premier|Bordogna|Cassaforte a muro con serratura elettronica premier Bordogna ANDROMEDA 35/C. Di fronte alla crescente insicurezza, la serie ANDROMEDA è la soluzione ideale sia per il professionista che per il privato, per proteggere denaro, gioielli di valore, armi corte|3272.00|2533.00|64600692719965|https://cassefortieserrature.com/products/andromeda-35-e-cassaforte-da-muro-con-combinazione-elettronica-premier|disponibile|Casseforti;Casseforti a muro;Casseforti a Muro con combinazione elettronica;media;prezzo-oltre-1000|https://cdn.shopify.com/s/files/1/0866/2738/5693/files/Andromeda-35-chiusa.jpg?v=1772560397|20.00|ANDR-35E||50.000|||| <endrecord>
ANDROMEDA 45/C - Cassaforte a chiave da muro|Bordogna|Cassaforte a muro con serratura a chiave doppia mappa Bordogna ANDROMEDA 45/C. Di fronte alla crescente insicurezza, la serie ANDROMEDA è la soluzione ideale sia per il professionista che per il privato, per proteggere denaro, gioielli di valore, armi cor|3209.00|2245.00|58900847559005|https://cassefortieserrature.com/products/andromeda-45-c-cassaforte-a-chiave-da-muro|disponibile|Casseforti;Casseforti a muro;Casseforti a muro con chiave;Grande;prezzo-oltre-1000|https://cdn.shopify.com/s/files/1/0866/2738/5693/files/Andromeda-45-C.jpg?v=1772560391|37.00|ANDR-45||60.000|||| <endrecord>
ANDROMEDA 55/C - Cassaforte a chiave da muro|Bordogna|Cassaforte a muro con serratura a chiave doppia mappa Bordogna ANDROMEDA 55/C. Di fronte alla crescente insicurezza, la serie ANDROMEDA è la soluzione ideale sia per il professionista che per il privato, per proteggere denaro, gioielli di valore, armi cor|3367.00|2360.00|58900864500061|https://cassefortieserrature.com/products/andromeda-55-c-cassaforte-a-chiave-da-muro|disponibile|Casseforti;Casseforti a muro;Casseforti a muro con chiave;Grande;prezzo-oltre-1000|https://cdn.shopify.com/s/files/1/0866/2738/5693/files/Andromeda-55-C.jpg?v=1772560382|37.00|ANDR-55||70.000|||| <endrecord>
Lorica più 4/C - Cassaforte con chiave a muro|Bordogna|Cassaforte a muro con serratura a chiave doppia mappa Lorica Più 4/C. La Lorica più 4/C è una cassaforte compatta e robusta, ideale per uso domestico o in piccoli uffici. Certificata EN 1143-1 Classe 0 e dotata di serratura a chiave doppia mappa EN 1300 A|830.00|580.00|58851779576157|https://cassefortieserrature.com/products/lorica-4-c-cassaforte-da-muro|disponibile|Casseforti;Casseforti a muro;Casseforti a muro con chiave;Piccola;prezzo-300-600;vetrina|https://cdn.shopify.com/s/files/1/0866/2738/5693/files/lorica-4C-chiusa.jpg?v=1761291151|20.00|110.02.00.000||24.000|https://cdn.shopify.com/s/files/1/0866/2738/5693/files/lorica-4C-aperta.jpg?v=1761291151|https://cdn.shopify.com/s/files/1/0866/2738/5693/files/03_7c806225-9f4c-4994-bc54-bd4db71f2007.jpg?v=1761291869|| <endrecord>
Lorica più 4/E - Cassaforte elettronica da muro|Bordogna|Cassaforte a muro con serratura elettronica Bordogna Lorica Più 4/E. La cassaforte da muro Lorica più 4/E di Bordogna unisce tecnologia e sicurezza in un formato compatto. Certificata EN 1143-1 Classe 0 , protegge efficacemente da scassi e tagli con utens|1141.00|795.00|58851453993309|https://cassefortieserrature.com/products/lorica-4-e-cassaforte-da-muro|disponibile|Casseforti;Casseforti a muro;Casseforti a Muro con combinazione elettronica;prezzo-600-1000;vetrina|https://cdn.shopify.com/s/files/1/0866/2738/5693/files/Lorica-4e-chiusa.jpg?v=1761291756|20.00|110.06.00.000||24.000|https://cdn.shopify.com/s/files/1/0866/2738/5693/files/Lorica-4e-aperta.jpg?v=1761291756|https://cdn.shopify.com/s/files/1/0866/2738/5693/files/02_4a14153f-1b22-4d86-a5c0-67fc87078b40.jpg?v=1761291869|| <endrecord>
Lorica più 4/T - Cassaforte meccanica da muro|Bordogna|Cassaforte a muro con combinatore meccanico Bordogna Lorica più 4/T. La Lorica più 4/T è una cassaforte da muro certificata EN 1143-1 Classe 0 , dotata di combinatore meccanico ad alta precisione. Solida, affidabile e priva di componenti elettroniche, è l|1115.00|780.00|58851845079389|https://cassefortieserrature.com/products/lorica-4-t-cassaforte-da-muro|disponibile|Casseforti;Casseforti a muro;Casseforti a muro con combinazione meccanica;Piccola;prezzo-600-1000;vetrina|https://cdn.shopify.com/s/files/1/0866/2738/5693/files/lorica-4t-chiusa.jpg?v=1761290320|20.00|110.04.00.000||24.000|https://cdn.shopify.com/s/files/1/0866/2738/5693/files/lorica-4t-aperta.jpg?v=1761290320|https://cdn.shopify.com/s/files/1/0866/2738/5693/files/03_7c806225-9f4c-4994-bc54-bd4db71f2007.jpg?v=1761291869|| <endrecord>
Lorica più 6/C SX - Cassaforte a chiave con apertura a sinistra|Bordogna|Cassaforte a muro con serratura a chiave doppia mappa Bordogna Lorica Più 6/C SX. Versione con apertura a sinistra, la Lorica 6/C SX garantisce le stesse prestazioni di sicurezza della gamma Lorica Più. Certificata EN 1143-1 Classe 0 e dotata di chiusura |940.00|655.00|58851822666077|https://cassefortieserrature.com/products/lorica-6-c-sx-cassaforte-da-muro|disponibile|Casseforti;Casseforti a muro;Casseforti a muro con apertura sinistra;Casseforti a muro con chiave;Media;prezzo-600-1000;vetrina|https://cdn.shopify.com/s/files/1/0866/2738/5693/files/Lorica-6C-sx-chiusa.jpg?v=1761292231|20.00|110.09.00.000||24.000|https://cdn.shopify.com/s/files/1/0866/2738/5693/files/lorica-6C-sx-aperta.jpg?v=1761292231|https://cdn.shopify.com/s/files/1/0866/2738/5693/files/dettaglio-SX-C2_efdc2f28-5119-4d3c-aa4e-d5f0808c0155.jpg?v=1761292231|| <endrecord>
Lorica più 6/C - Cassaforte con chiave a muro|Bordogna|Cassaforte da parete con serratura a chiave doppia mappa Bordogna Lorica Più 6/C. La Lorica più 6/C è una cassaforte compatta, ma estremamente resistente. Certificata EN 1143-1 Classe 0 e dotata di serratura a chiave doppia mappa EN 1300 A , assicura un’e|860.00|600.00|58851805921629|https://cassefortieserrature.com/products/lorica-6-c-cassaforte-da-muro|disponibile|Casseforti;Casseforti a muro;Casseforti a muro con chiave;Media;prezzo-300-600;vetrina|https://cdn.shopify.com/s/files/1/0866/2738/5693/files/lorica-6C-chiusa_333b96d1-2eed-48cb-bc5e-26e5fa867489.jpg?v=1761290989|20.00|110.08.00.000||24.000|https://cdn.shopify.com/s/files/1/0866/2738/5693/files/lorica-6C-aperta_100b7eaf-699e-4ef5-b303-8b52af1a9700.jpg?v=1761290989|https://cdn.shopify.com/s/files/1/0866/2738/5693/files/03_7c806225-9f4c-4994-bc54-bd4db71f2007.jpg?v=1761291869|| <endrecord>
Lorica più 6/E SX - Cassaforte elettronica da muro con apertura a sinistra|Bordogna|Cassaforte a muro con serratura a chiave doppia mappa Bordogna Lorica Più 6/C SX. Versione con apertura a sinistra, la Lorica più 6/C SX garantisce le stesse prestazioni di sicurezza della gamma Lorica Più. Certificata EN 1143-1 Classe 0 e dotata di chius|1250.00|875.00|58851534307677|https://cassefortieserrature.com/products/lorica-6-e-cassaforte-da-muro|disponibile|Casseforti;Casseforti a muro;Casseforti a muro con apertura sinistra;Casseforti a Muro con combinazione elettronica;media;prezzo-600-1000;vetrina|https://cdn.shopify.com/s/files/1/0866/2738/5693/files/lorica-6esx-chiusa.jpg?v=1761291661|20.00|110.13.00.000||24.000|https://cdn.shopify.com/s/files/1/0866/2738/5693/files/lorica-6esx-aperta.jpg?v=1761291661|https://cdn.shopify.com/s/files/1/0866/2738/5693/files/dettaglio-SX-C2.jpg?v=1761291661|| <endrecord>
Lorica più 6/E - Cassaforte elettronica da muro|Bordogna|Cassaforte a muro con serratura elettronica Lorica più 6/E. La Lorica più 6/E offre il perfetto equilibrio tra sicurezza, praticità e capienza. Certificata EN 1143-1 Classe 0 , garantisce una protezione avanzata contro scassi e tagli con utensili a disco.|1183.00|825.00|58851620749661|https://cassefortieserrature.com/products/lorica-6-e-cassaforte-da-muro-1|disponibile|Casseforti;Casseforti a muro;Casseforti a Muro con combinazione elettronica;media;prezzo-600-1000;vetrina|https://cdn.shopify.com/s/files/1/0866/2738/5693/files/lorica-6e-chiusa.jpg?v=1761291484|20.00|110.12.00.000||24.000|https://cdn.shopify.com/s/files/1/0866/2738/5693/files/Lorica-6e-aperta.jpg?v=1761291484|https://cdn.shopify.com/s/files/1/0866/2738/5693/files/03_7c806225-9f4c-4994-bc54-bd4db71f2007.jpg?v=1761291869|| <endrecord>
Lorica più 6/T SX - Cassaforte meccanica da muro con apertura a sinistra|Bordogna|Cassaforte a muro con serratura a combinatore meccanico Bordogna Lorica più 6/T SX La cassaforte invisibile efficace contro i furti in casa. La cassaforte da muro LORICA PIÙ di Bordogna è certificata contro lo scasso EN 1143-1 Classe 0. Interamente fatta |1226.00|855.00|58851852321117|https://cassefortieserrature.com/products/lorica-6-t-sx-cassaforte-da-muro|disponibile|Casseforti;Casseforti a muro;Casseforti a muro con apertura sinistra;Casseforti a muro con combinazione meccanica;Media;prezzo-600-1000;vetrina|https://cdn.shopify.com/s/files/1/0866/2738/5693/files/lorica-6tsx-chiusa.jpg?v=1761289649|20.00|110.11.00.000||24.000|https://cdn.shopify.com/s/files/1/0866/2738/5693/files/lorica-6tsx-aperta.jpg?v=1761289649|https://cdn.shopify.com/s/files/1/0866/2738/5693/files/dettaglio-sx-chiusura.jpg?v=1761289649|| <endrecord>
Lorica più 6/T - Cassaforte meccanica da muro|Bordogna|Cassaforte a parete con combinatore meccanico Bordogna Lorica Più 6/T. La Lorica più 6/T Bordogna offre protezione avanzata in ogni contesto domestico. Certificata EN 1143-1 Classe 0 , resiste efficacemente ai tentativi di scasso grazie alla struttura in |1159.00|810.00|58851849404765|https://cassefortieserrature.com/products/lorica-6-t-cassaforte-da-muro|disponibile|Casseforti;Casseforti a muro;Casseforti a muro con combinazione meccanica;Media;prezzo-600-1000;vetrina|https://cdn.shopify.com/s/files/1/0866/2738/5693/files/lorica-6t-chiusa.jpg?v=1761289772|20.00|110.10.00.000||24.000|https://cdn.shopify.com/s/files/1/0866/2738/5693/files/lorica-6t-aperta.jpg?v=1761289772|https://cdn.shopify.com/s/files/1/0866/2738/5693/files/03_7c806225-9f4c-4994-bc54-bd4db71f2007.jpg?v=1761291869|| <endrecord>
Lorica più 6L/C - Cassaforte con chiave a muro grande formato|Bordogna|Cassaforte a muro grande formato con serratura a chiave doppia mappa Lorica Più 6L/C. La Lorica più 6L/C è una cassaforte da muro di ampia capacità, progettata per offrire un’elevata protezione con la praticità della chiave doppia mappa. Certificata EN 11|903.00|630.00|58851828334941|https://cassefortieserrature.com/products/lorica-6l-c-cassaforte-da-muro|disponibile|Casseforti;Casseforti a muro;Casseforti a muro con chiave;Media;prezzo-600-1000;vetrina|https://cdn.shopify.com/s/files/1/0866/2738/5693/files/lorica-6LC-chiusa.jpg?v=1761290842|20.00|110.14.00.000||27.000|https://cdn.shopify.com/s/files/1/0866/2738/5693/files/lorica-6LC-aperta.jpg?v=1761290842|https://cdn.shopify.com/s/files/1/0866/2738/5693/files/03_7c806225-9f4c-4994-bc54-bd4db71f2007.jpg?v=1761291869|| <endrecord>
Lorica più 6L/E - Cassaforte elettronica da muro grande formato|Bordogna|Cassaforte da muro elettronica di grande capacità Bordogna Lorica Più 6L/E. La Lorica più 6L/E Bordogna unisce ampio spazio interno e massima protezione. Certificata EN 1143-1 Classe 0 , dispone di serratura elettronica digitale facile da programmare e re|1214.00|850.00|58851641983325|https://cassefortieserrature.com/products/lorica-6l-e-cassaforte-da-muro|disponibile|Casseforti;Casseforti a muro;Casseforti a Muro con combinazione elettronica;media;prezzo-600-1000;vetrina|https://cdn.shopify.com/s/files/1/0866/2738/5693/files/lorica-6le-chiusa.jpg?v=1761291357|20.00|110.18.00.000||27.000|https://cdn.shopify.com/s/files/1/0866/2738/5693/files/lorica-6le-aperta.jpg?v=1761291357|https://cdn.shopify.com/s/files/1/0866/2738/5693/files/03_7c806225-9f4c-4994-bc54-bd4db71f2007.jpg?v=1761291869|| <endrecord>
Lorica più 6L/T - Cassaforte meccanica grande formato da muro|Bordogna|Cassaforte da muro di grande capacità con combinatore meccanico Bordogna Lorica più 6L/T. La Lorica più 6L/T è la versione più ampia della linea Lorica più, con combinatore meccanico e certificazione EN 1143-1 Classe 0 . Ideale per chi desidera sicurezza |1190.00|830.00|58851857301853|https://cassefortieserrature.com/products/lorica-6l-t-cassaforte-da-muro|disponibile|Casseforti;Casseforti a muro;Casseforti a muro con combinazione meccanica;Media;prezzo-600-1000;vetrina|https://cdn.shopify.com/s/files/1/0866/2738/5693/files/lorica-6lt-chiusa.jpg?v=1761289519|20.00|110.16.00.000||27.000|https://cdn.shopify.com/s/files/1/0866/2738/5693/files/lorica-6lt-aperta.jpg?v=1761289519|https://cdn.shopify.com/s/files/1/0866/2738/5693/files/03_7c806225-9f4c-4994-bc54-bd4db71f2007.jpg?v=1761291869|| <endrecord>
Lorica più 8/C - Cassaforte con chiave da muro|Bordogna|Cassaforte a muro con serratura a chiave doppia mappa Bordogna Lorica Più 8/C. La Lorica più 8/C è una cassaforte da muro certificata EN 1143-1 Classe 0 e dotata di serratura a doppia mappa EN 1300 A . Offre un’elevata capacità di contenimento e una prote|1025.00|715.00|58851832627549|https://cassefortieserrature.com/products/lorica-8-c-cassaforte-da-muro|disponibile|Casseforti;Casseforti a muro;Casseforti a muro con chiave;prezzo-600-1000;vetrina|https://cdn.shopify.com/s/files/1/0866/2738/5693/files/lorica-8C-chiusa.jpg?v=1761290618|20.00|110.20.00.000||36.000|https://cdn.shopify.com/s/files/1/0866/2738/5693/files/lorica-8C-aperta.jpg?v=1761290618|https://cdn.shopify.com/s/files/1/0866/2738/5693/files/03_7c806225-9f4c-4994-bc54-bd4db71f2007.jpg?v=1761291869|| <endrecord>
Lorica più 8/E - Cassaforte elettronica da muro|Bordogna|Cassaforte a muro con serratura elettronica Bordogna Lorica Più 8/E. La Lorica più 8/E è una cassaforte ampia e robusta, perfetta per chi cerca protezione e praticità. Certificata EN 1143-1 Classe 0 , è dotata di serratura elettronica a tastiera per un ac|1323.00|925.00|58851661545821|https://cassefortieserrature.com/products/lorica-8l-e-cassaforte-da-muro|disponibile|Casseforti;Casseforti a muro;Casseforti a Muro con combinazione elettronica;Grande;prezzo-600-1000;vetrina|https://cdn.shopify.com/s/files/1/0866/2738/5693/files/lorica-8e-chiusa.jpg?v=1761291258|20.00|110.24.00.000||36.000|https://cdn.shopify.com/s/files/1/0866/2738/5693/files/lorica-8e-aperta.jpg?v=1761291258|https://cdn.shopify.com/s/files/1/0866/2738/5693/files/03_7c806225-9f4c-4994-bc54-bd4db71f2007.jpg?v=1761291869|| <endrecord>
Lorica più 8/T - Cassaforte meccanica da muro|Bordogna|Cassaforte a muro con serratura a combinatore meccanico Lorica più 8/T. La Lorica più 8/T rappresenta la perfetta sintesi tra sicurezza, solidità e design funzionale. Certificata EN 1143-1 Classe 0 , è costruita interamente in Italia con acciaio rinforzat|1300.00|910.00|58851859693917|https://cassefortieserrature.com/products/lorica-8-t-cassaforte-da-muro|disponibile|Casseforti;Casseforti a muro;Casseforti a muro con combinazione meccanica;Grande;prezzo-600-1000;vetrina|https://cdn.shopify.com/s/files/1/0866/2738/5693/files/lorica-8t-chiusa.jpg?v=1761282469|20.00|110.22.00.000||36.000|https://cdn.shopify.com/s/files/1/0866/2738/5693/files/lorica-8t-aperta.jpg?v=1761282469|https://cdn.shopify.com/s/files/1/0866/2738/5693/files/03_7c806225-9f4c-4994-bc54-bd4db71f2007.jpg?v=1761291869|| <endrecord>
Lorica più 8L/C - Cassaforte con chiave a muro grande formato|Bordogna|Cassaforte a muro grande formato con serratura a chiave doppia mappa Bordogna Lorica Più 8L/C. Questa cassaforte da muro di grande capacità con chiusura a chiave doppia mappa, certificata EN 1143-1 Classe 0, offre il massimo della protezione e dello spazi|1075.00|750.00|58851842031965|https://cassefortieserrature.com/products/lorica-8-c-cassaforte-da-muro-1|disponibile|Casseforti;Casseforti a muro;Casseforti a muro con chiave;Grande;prezzo-600-1000;vetrina|https://cdn.shopify.com/s/files/1/0866/2738/5693/files/lorica-8LC-chiusa.jpg?v=1761290519|20.00|110.26.00.000||39.000|https://cdn.shopify.com/s/files/1/0866/2738/5693/files/lorica-8LC-aperta.jpg?v=1761290519|https://cdn.shopify.com/s/files/1/0866/2738/5693/files/03_7c806225-9f4c-4994-bc54-bd4db71f2007.jpg?v=1761291869|| <endrecord>
Lorica più 8L/E - Cassaforte elettronica da muro grande formato|Bordogna|Cassaforte a parete elettronica grande formato Bordogna Lorica Più 8L/E . La Lorica più 8L/E è la cassaforte più spaziosa della gamma Lorica Più con chiusura elettronica. Certificata EN 1143-1 Classe 0, offre ampio volume interno e una struttura antitagli|1336.00|935.00|58834704367965|https://cassefortieserrature.com/products/lorica-piu-8-e|disponibile|Casseforti;Casseforti a muro;Casseforti a Muro con combinazione elettronica;Grande;prezzo-600-1000;vetrina|https://cdn.shopify.com/s/files/1/0866/2738/5693/files/lorica-8el-chiusa.jpg?v=1761291869|20.00|110.30.00.000||39.000|https://cdn.shopify.com/s/files/1/0866/2738/5693/files/lorica-8el-aperta.jpg?v=1761291869|https://cdn.shopify.com/s/files/1/0866/2738/5693/files/03_7c806225-9f4c-4994-bc54-bd4db71f2007.jpg?v=1761291869|| <endrecord>
Lorica più 8L/T - Cassaforte meccanica grande formato da muro|Bordogna|Cassaforte da muro di grande capacità con combinatore meccanico Lorica più 8L/T La Lorica più 8L/T è la cassaforte più spaziosa della gamma Lorica Più, dotata di combinatore meccanico di precisione e certificata EN 1143-1 Classe 0 . Progettata per offrire|1310.00|915.00|58851861922141|https://cassefortieserrature.com/products/lorica-8l-t-cassaforte-da-muro|disponibile|Casseforti;Casseforti a muro;Casseforti a muro con combinazione meccanica;Grande;prezzo-600-1000;vetrina|https://cdn.shopify.com/s/files/1/0866/2738/5693/files/lorica-8lt-chiusa.jpg?v=1761282162|20.00|110.28.00.000||39.000|https://cdn.shopify.com/s/files/1/0866/2738/5693/files/lorica-8lt-aperta.jpg?v=1761282162|https://cdn.shopify.com/s/files/1/0866/2738/5693/files/03_7c806225-9f4c-4994-bc54-bd4db71f2007.jpg?v=1761291869|| <endrecord>
MUSA 150/C - Cassaforte a chiave da muro|Bordogna|Cassaforte a muro con serratura a chiave doppia mappa Bordogna MUSA 150/C. La MUSA 150/C di Bordogna è una cassaforte da muro compatta e robusta, ideale per uso domestico o in piccoli uffici. Dotata di serratura a chiave doppia mappa certificata EN 1300 A|225.00|155.00|58868528709981|https://cassefortieserrature.com/products/musa-150-c-cassaforte-a-chiave-da-muro|disponibile|casseforti;casseforti a muro;Casseforti a muro con chiave;piccola;prezzo-fino-300|https://cdn.shopify.com/s/files/1/0866/2738/5693/files/Musa-340-C-chiusa_fe855fca-e8fb-413a-8767-cf47eb7f5cd0.jpg?v=1772121499|15.00|81030||11.000|https://cdn.shopify.com/s/files/1/0866/2738/5693/files/Musa-200-C-dettaglio_698db7c5-b0db-47de-9e0f-72745cd996f0.jpg?v=1772121500|https://cdn.shopify.com/s/files/1/0866/2738/5693/files/Musa-340-C-aperta_6a4ccfc6-d213-4423-85b5-70f78a6307e2.jpg?v=1772121500|| <endrecord>
MUSA 200/C - Cassaforte a chiave da muro|Bordogna|Cassaforte a muro con serratura a chiave doppia mappa Bordogna MUSA 200/C. La MUSA 200/C è una cassaforte versatile e resistente, perfetta per custodire documenti, denaro e piccoli oggetti di valore. La chiusura a chiave doppia mappa garantisce sicurezza |232.00|160.00|58868603814237|https://cassefortieserrature.com/products/musa-200-c-cassaforte-a-chiave-da-muro|disponibile|casseforti;casseforti a muro;Casseforti a muro con chiave;piccola;prezzo-fino-300|https://cdn.shopify.com/s/files/1/0866/2738/5693/files/Musa-340-C-chiusa_fe855fca-e8fb-413a-8767-cf47eb7f5cd0.jpg?v=1772121499|15.00|81031||12.000|https://cdn.shopify.com/s/files/1/0866/2738/5693/files/Musa-200-C-dettaglio_698db7c5-b0db-47de-9e0f-72745cd996f0.jpg?v=1772121500|https://cdn.shopify.com/s/files/1/0866/2738/5693/files/Musa-340-C-aperta_6a4ccfc6-d213-4423-85b5-70f78a6307e2.jpg?v=1772121500|| <endrecord>
MUSA 215/E - Cassaforte elettronica da muro|Bordogna|Cassaforte a muro con serratura elettronica digitale Bordogna MUSA 215/E. La MUSA 215/E combina tecnologia e sicurezza in una cassaforte da muro compatta. Dotata di serratura elettronica digitale facile da programmare, consente un accesso rapido e sicuro.|324.00|225.00|58868735312221|https://cassefortieserrature.com/products/musa-215-e-cassaforte-elettronica-da-muro|disponibile|casseforti;casseforti a muro;Casseforti a Muro con combinazione elettronica;piccola;prezzo-fino-300|https://cdn.shopify.com/s/files/1/0866/2738/5693/files/Musa-230-E-chiusa_bdc4755c-27f6-4abb-97cf-5d0d0ecf1295.jpg?v=1772121402|15.00|81000||13.000|https://cdn.shopify.com/s/files/1/0866/2738/5693/files/Musa-280-E-semiaperta-1_d5c7bc78-953c-474f-a7a5-3925ce88178f.jpg?v=1772121517|https://cdn.shopify.com/s/files/1/0866/2738/5693/files/Musa-340-C-aperta_fd4d0ca5-1726-4629-8da0-13d1563c1d9b.jpg?v=1772121517|| <endrecord>
MUSA 230/C - Cassaforte a chiave da muro|Bordogna|Cassaforte a muro con serratura a chiave doppia mappa Bordogna MUSA 230/C. La MUSA 230/C combina eleganza e sicurezza in un design compatto. Realizzata in acciaio di alta qualità e dotata di serratura certificata EN 1300 A, offre la massima protezione con|287.00|200.00|58868628259165|https://cassefortieserrature.com/products/musa-230-c-cassaforte-a-chiave-da-muro|disponibile|casseforti;casseforti a muro;Casseforti a muro con chiave;piccola;prezzo-fino-300|https://cdn.shopify.com/s/files/1/0866/2738/5693/files/Musa-340-C-chiusa_fe855fca-e8fb-413a-8767-cf47eb7f5cd0.jpg?v=1772121499|15.00|81032||14.000|https://cdn.shopify.com/s/files/1/0866/2738/5693/files/Musa-200-C-dettaglio_698db7c5-b0db-47de-9e0f-72745cd996f0.jpg?v=1772121500|https://cdn.shopify.com/s/files/1/0866/2738/5693/files/Musa-340-C-aperta_6a4ccfc6-d213-4423-85b5-70f78a6307e2.jpg?v=1772121500|| <endrecord>
MUSA 230/E - Cassaforte elettronica da muro|Bordogna|Cassaforte a muro con serratura elettronica Bordogna MUSA 230/E. La MUSA 230/E Bordogna offre un perfetto equilibrio tra dimensioni ridotte e sicurezza avanzata. La serratura elettronica certificata EN 1300 B garantisce un controllo totale dell’accesso. R|348.00|240.00|58868807696733|https://cassefortieserrature.com/products/musa-230-e-cassaforte-elettronica-da-muro|disponibile|casseforti;casseforti a muro;Casseforti a Muro con combinazione elettronica;piccola;prezzo-fino-300|https://cdn.shopify.com/s/files/1/0866/2738/5693/files/Musa-230-E-chiusa_bdc4755c-27f6-4abb-97cf-5d0d0ecf1295.jpg?v=1772121402|15.00|81001||14.000|https://cdn.shopify.com/s/files/1/0866/2738/5693/files/Musa-280-E-semiaperta-1_d5c7bc78-953c-474f-a7a5-3925ce88178f.jpg?v=1772121517|https://cdn.shopify.com/s/files/1/0866/2738/5693/files/Musa-340-C-aperta_fd4d0ca5-1726-4629-8da0-13d1563c1d9b.jpg?v=1772121517|| <endrecord>
MUSA 280/C - Cassaforte a chiave da muro|Bordogna|Cassaforte a muro con serratura a chiave doppia mappa Bordogna MUSA 280/C. La MUSA 280/C è la scelta ideale per chi desidera una cassaforte solida e spaziosa. La struttura in acciaio rinforzato e la chiusura con chiave doppia mappa garantiscono sicurezza |324.00|225.00|58868878475613|https://cassefortieserrature.com/products/musa-280-c-cassaforte-a-chiave-da-muro-1|disponibile|casseforti;casseforti a muro;Casseforti a muro con chiave;media;prezzo-fino-300|https://cdn.shopify.com/s/files/1/0866/2738/5693/files/Musa-340-C-chiusa_9f33cd60-31f3-4860-8127-85e1c8c2ee98.jpg?v=1772121517|15.00|81033||18.000|https://cdn.shopify.com/s/files/1/0866/2738/5693/files/Musa-200-C-dettaglio_0ac768fb-695d-4c03-a525-f08ecca676d5.jpg?v=1772121517|https://cdn.shopify.com/s/files/1/0866/2738/5693/files/Musa-340-C-aperta_fd4d0ca5-1726-4629-8da0-13d1563c1d9b.jpg?v=1772121517|| <endrecord>
MUSA 280/E - Cassaforte elettronica da muro|Bordogna|Cassaforte a muro con serratura elettronica Bordogna MUSA 280/E. La MUSA 280/E è una cassaforte da muro certificata EN 14450 Classe S2, ideale per uso privato e professionale. Dotata di tastiera elettronica digitale e struttura in acciaio monoblocco, gara|427.00|300.00|58868658372957|https://cassefortieserrature.com/products/musa-280-c-cassaforte-a-chiave-da-muro|disponibile|casseforti;casseforti a muro;Casseforti a Muro con combinazione elettronica;media;prezzo-fino-300|https://cdn.shopify.com/s/files/1/0866/2738/5693/files/Musa-230-E-chiusa_bdc4755c-27f6-4abb-97cf-5d0d0ecf1295.jpg?v=1772121402|15.00|81002||18.000|https://cdn.shopify.com/s/files/1/0866/2738/5693/files/Musa-280-E-semiaperta-1_d5c7bc78-953c-474f-a7a5-3925ce88178f.jpg?v=1772121517|https://cdn.shopify.com/s/files/1/0866/2738/5693/files/Musa-340-C-aperta_fd4d0ca5-1726-4629-8da0-13d1563c1d9b.jpg?v=1772121517|| <endrecord>
MUSA 300/C - Cassaforte a chiave da muro|Bordogna|Cassaforte a muro con serratura a chiave doppia mappa Bordogna MUSA 300/C. La MUSA 300/C Bordogna è una cassaforte da muro di medie dimensioni che unisce sicurezza e semplicità d’uso. Dotata di serratura a chiave doppia mappa e struttura in acciaio ad alt|409.00|285.00|58868683014493|https://cassefortieserrature.com/products/musa-300-c-cassaforte-a-chiave-da-muro|disponibile|casseforti;casseforti a muro;Casseforti a muro con chiave;media;prezzo-fino-300|https://cdn.shopify.com/s/files/1/0866/2738/5693/files/Musa-340-C-chiusa_9f33cd60-31f3-4860-8127-85e1c8c2ee98.jpg?v=1772121517|20.00|81034||21.000|https://cdn.shopify.com/s/files/1/0866/2738/5693/files/Musa-200-C-dettaglio_0ac768fb-695d-4c03-a525-f08ecca676d5.jpg?v=1772121517|https://cdn.shopify.com/s/files/1/0866/2738/5693/files/Musa-340-C-aperta_fd4d0ca5-1726-4629-8da0-13d1563c1d9b.jpg?v=1772121517|| <endrecord>
MUSA 300/E - Cassaforte elettronica da muro|Bordogna|Cassaforte a muro con serratura elettronica Bordogna MUSA 300/E. La MUSA 300/E Bordogna offre sicurezza e praticità in un design compatto. La serratura elettronica con codice utente consente una gestione semplice e veloce, mentre la struttura in acciaio r|488.00|340.00|58868912226653|https://cassefortieserrature.com/products/musa-300-e-cassaforte-elettronica-da-muro|disponibile|casseforti;casseforti a muro;Casseforti a Muro con combinazione elettronica;media;prezzo-300-600|https://cdn.shopify.com/s/files/1/0866/2738/5693/files/Musa-230-E-chiusa_bdc4755c-27f6-4abb-97cf-5d0d0ecf1295.jpg?v=1772121402|20.00|81003||21.000|https://cdn.shopify.com/s/files/1/0866/2738/5693/files/Musa-280-E-semiaperta-1_d5c7bc78-953c-474f-a7a5-3925ce88178f.jpg?v=1772121517|https://cdn.shopify.com/s/files/1/0866/2738/5693/files/Musa-340-C-aperta_fd4d0ca5-1726-4629-8da0-13d1563c1d9b.jpg?v=1772121517|| <endrecord>
MUSA 340/C - Cassaforte a chiave da muro|Bordogna|Cassaforte a muro con serratura a chiave doppia mappa Bordogna MUSA 340/C. La MUSA 340/C è una cassaforte da muro robusta e spaziosa, pensata per chi desidera sicurezza e comfort d’uso. Realizzata con acciaio di prima qualità e dotata di chiusura a chiave|476.00|330.00|58868705034589|https://cassefortieserrature.com/products/musa-340-c-cassaforte-a-chiave-da-muro|disponibile|casseforti;casseforti a muro;Casseforti a muro con chiave;media;prezzo-300-600|https://cdn.shopify.com/s/files/1/0866/2738/5693/files/Musa-340-C-chiusa_9f33cd60-31f3-4860-8127-85e1c8c2ee98.jpg?v=1772121517|20.00|81035||25.000|https://cdn.shopify.com/s/files/1/0866/2738/5693/files/Musa-200-C-dettaglio_0ac768fb-695d-4c03-a525-f08ecca676d5.jpg?v=1772121517|https://cdn.shopify.com/s/files/1/0866/2738/5693/files/Musa-340-C-aperta_fd4d0ca5-1726-4629-8da0-13d1563c1d9b.jpg?v=1772121517|| <endrecord>
MUSA 340/E - Cassaforte elettronica da muro|Bordogna|Cassaforte a muro con serratura elettronica Bordogna MUSA 340/E. La MUSA 340/E è la cassaforte ideale per chi desidera un sistema di sicurezza pratico e moderno. Certificata EN 14450 Classe S2, combina tastiera elettronica digitale e corpo in acciaio sald|574.00|400.00|58868937032029|https://cassefortieserrature.com/products/musa-340-e-cassaforte-elettronica-da-muro|disponibile|casseforti;casseforti a muro;Casseforti a Muro con combinazione elettronica;media;prezzo-300-600|https://cdn.shopify.com/s/files/1/0866/2738/5693/files/Musa-230-E-chiusa_bdc4755c-27f6-4abb-97cf-5d0d0ecf1295.jpg?v=1772121402|20.00|81004||25.000|https://cdn.shopify.com/s/files/1/0866/2738/5693/files/Musa-280-E-semiaperta-1_d5c7bc78-953c-474f-a7a5-3925ce88178f.jpg?v=1772121517|https://cdn.shopify.com/s/files/1/0866/2738/5693/files/Musa-340-C-aperta_fd4d0ca5-1726-4629-8da0-13d1563c1d9b.jpg?v=1772121517|| <endrecord>
MUSA 400/E - Cassaforte elettronica grande formato da muro|Bordogna|Cassaforte a muro grande formato con serratura elettronica Bordogna MUSA 400/E. La MUSA 400/E Bordogna offre ampio spazio interno e sicurezza certificata EN 14450 S2. Dotata di serratura elettronica digitale e chiusura a più catenacci, garantisce protezio|519.00|360.00|58868965540189|https://cassefortieserrature.com/products/musa-400-e-cassaforte-elettronica-grande-formato-da-muro|disponibile|casseforti;casseforti a muro;Casseforti a Muro con combinazione elettronica;grande;prezzo-300-600|https://cdn.shopify.com/s/files/1/0866/2738/5693/files/Musa-230-E-chiusa_bdc4755c-27f6-4abb-97cf-5d0d0ecf1295.jpg?v=1772121402|20.00|81006||21.000|https://cdn.shopify.com/s/files/1/0866/2738/5693/files/Musa-280-E-semiaperta-1_d5c7bc78-953c-474f-a7a5-3925ce88178f.jpg?v=1772121517|https://cdn.shopify.com/s/files/1/0866/2738/5693/files/Musa-340-C-aperta_fd4d0ca5-1726-4629-8da0-13d1563c1d9b.jpg?v=1772121517|| <endrecord>
MUSA 520/C - Cassaforte a chiave grande formato da muro|Bordogna|Cassaforte a muro grande formato con serratura a chiave doppia mappa Bordogna MUSA 520/C. La MUSA 520/C Bordogna rappresenta la massima capacità della linea MUSA. Certificata EN 14450 – Classe S2, offre una sicurezza superiore grazie alla struttura in acc|574.00|400.00|58868722401629|https://cassefortieserrature.com/products/musa-420-c-cassaforte-a-chiave-grande-formato-da-muro|disponibile|casseforti;casseforti a muro;Casseforti a muro con chiave;grande;prezzo-300-600|https://cdn.shopify.com/s/files/1/0866/2738/5693/files/Musa-340-C-chiusa_9f33cd60-31f3-4860-8127-85e1c8c2ee98.jpg?v=1772121517|20.00|81037||33.000|https://cdn.shopify.com/s/files/1/0866/2738/5693/files/Musa-200-C-dettaglio_0ac768fb-695d-4c03-a525-f08ecca676d5.jpg?v=1772121517|https://cdn.shopify.com/s/files/1/0866/2738/5693/files/Musa-340-C-aperta_fd4d0ca5-1726-4629-8da0-13d1563c1d9b.jpg?v=1772121517|| <endrecord>
MUSA 520/E - Cassaforte elettronica grande formato da muro|Bordogna|Cassaforte a muro elettronica di grande capacità Bordogna MUSA 520/E. La MUSA 520/E è la cassaforte elettronica più spaziosa della serie. Certificata EN 14450 Classe S2, offre la massima protezione grazie alla struttura in acciaio monoblocco e alla tastie|622.00|435.00|58868985266525|https://cassefortieserrature.com/products/musa-520-e-cassaforte-elettronica-grande-formato-da-muro|disponibile|casseforti;casseforti a muro;Casseforti a Muro con combinazione elettronica;grande;prezzo-300-600|https://cdn.shopify.com/s/files/1/0866/2738/5693/files/Musa-230-E-chiusa_bdc4755c-27f6-4abb-97cf-5d0d0ecf1295.jpg?v=1772121402|20.00|81007||33.000|https://cdn.shopify.com/s/files/1/0866/2738/5693/files/Musa-280-E-semiaperta-1_d5c7bc78-953c-474f-a7a5-3925ce88178f.jpg?v=1772121517|https://cdn.shopify.com/s/files/1/0866/2738/5693/files/Musa-340-C-aperta_fd4d0ca5-1726-4629-8da0-13d1563c1d9b.jpg?v=1772121517|| <endrecord>
Vesta 020/C - Cassaforte a chiave da muro|Bordogna|Cassaforte a muro con serratura a chiave doppia mappa Bordogna Vesta 020/C. La Vesta 020/C è la soluzione ideale per chi cerca una cassaforte compatta ma altamente sicura. Dotata di serratura certificata EN 1300 e corpo in acciaio al manganese tagliato al|488.00|340.00|58867888292189|https://cassefortieserrature.com/products/vesta-020-c-cassaforte-a-chiave-da-muro|disponibile|casseforti;casseforti a muro;Casseforti a muro con chiave;piccola;prezzo-300-600|https://cdn.shopify.com/s/files/1/0866/2738/5693/files/Vesta-020-C-aperta.jpg?v=1772638680|15.00|122.02.00.000||15.000|||| <endrecord>
Vesta 020/E - Cassaforte elettronica da muro|Bordogna|Cassaforte a muro con serratura elettronica Bordogna Vesta 020/E. Modello compatto con tastiera digitale e struttura in acciaio al manganese. Certificata EN 14450 Grado S2 , la Vesta 020/E offre sicurezza elevata in un formato discreto. Perfetta per abita|725.00|505.00|58868145783133|https://cassefortieserrature.com/products/vesta-020-e-cassaforte-elettronica-da-muro|disponibile|casseforti;casseforti a muro;Casseforti a Muro con combinazione elettronica;piccola;prezzo-300-600|https://cdn.shopify.com/s/files/1/0866/2738/5693/files/Vesta-020-E-aperta.jpg?v=1772638680|15.00|122.04.00.000||15.000|||| <endrecord>
Vesta 020/T - Cassaforte meccanica da muro|Bordogna|Cassaforte a muro con combinatore meccanico Bordogna Vesta 020/T. Compatta e affidabile, la Vesta 020/T è dotata di chiusura a combinatore meccanico certificata EN 1300 . Costruita in acciaio tagliato al laser con cerniere antistrappo, assicura un’elevata|714.00|500.00|58868072841565|https://cassefortieserrature.com/products/vesta-020-t-cassaforte-meccanica-da-muro|disponibile|casseforti;casseforti a muro;Casseforti a muro con combinazione meccanica;piccola;prezzo-300-600|https://cdn.shopify.com/s/files/1/0866/2738/5693/files/Vesta-020-T-aperta-1.jpg?v=1772638680|15.00|122.06.00.000||15.000|||| <endrecord>
Vesta 030/C - Cassaforte a chiave da muro|Bordogna|Cassaforte a muro con chiusura a chiave doppia mappa Bordogna Vesta 030/C. Robusta e funzionale, la 030/C combina design sobrio e struttura rinforzata. La porta con cerniere antistrappo e la serratura certificata EN 1300 assicurano sicurezza e affidabilit|598.00|420.00|58867914375517|https://cassefortieserrature.com/products/vesta-030-c-cassaforte-a-chiave-da-muro|disponibile|casseforti;casseforti a muro;Casseforti a muro con chiave;media;prezzo-300-600|https://cdn.shopify.com/s/files/1/0866/2738/5693/files/Vesta-030-C-aperta-1.jpg?v=1772638680|20.00|122.08.00.000||23.000|||| <endrecord>
Vesta 030/E - Cassaforte elettronica da muro|Bordogna|Cassaforte da muro elettronica con tastiera digitale Bordogna Vesta 030/E. Equilibrata tra praticità e sicurezza, la Vesta 030/E permette l’apertura tramite codice personale e garantisce protezione da scasso e perforazione. Ideale per uso quotidiano in ca|835.00|585.00|58868077625693|https://cassefortieserrature.com/products/vesta-030-t-cassaforte-meccanica-da-muro|disponibile|casseforti;casseforti a muro;Casseforti a Muro con combinazione elettronica;media;prezzo-300-600|https://cdn.shopify.com/s/files/1/0866/2738/5693/files/Vesta-030-E-aperta.jpg?v=1772638679|20.00|122.10.00.000||23.000|||| <endrecord>
Vesta 030/T - Cassaforte meccanica da muro|Bordogna|Cassaforte da muro con chiusura a combinatore Bordogna Vesta 030/T. Il modello 030/T offre sicurezza tradizionale con la precisione del combinatore meccanico. La porta spessa e la struttura in acciaio rinforzato garantiscono massima protezione contro lo s|824.00|575.00|58868234289501|https://cassefortieserrature.com/products/vesta-030-t-cassaforte-meccanica-da-muro-1|disponibile|casseforti;casseforti a muro;Casseforti a muro con combinazione meccanica;media;prezzo-300-600|https://cdn.shopify.com/s/files/1/0866/2738/5693/files/Vesta-030-T-aperta.jpg?v=1772638679|20.00|122.12.00.000||23.000|||| <endrecord>
Vesta 030L/C - Cassaforte a chiave da muro grande formato|Bordogna|Cassaforte da muro con serratura a chiave doppia mappa Bordogna Vesta 030L/C. Versione più ampia della 030, la 030L/C offre maggiore capacità interna mantenendo le stesse prestazioni di sicurezza. Struttura monoblocco in acciaio e serratura EN 1300 A la r|635.00|445.00|58867984171357|https://cassefortieserrature.com/products/vesta-030l-c-cassaforte-a-chiave-da-muro-grande-formato|disponibile|casseforti;casseforti a muro;Casseforti a muro con chiave;media;prezzo-300-600|https://cdn.shopify.com/s/files/1/0866/2738/5693/files/Vesta-030L-C-aperta.jpg?v=1772638681|20.00|122.09.00.000||25.000|||| <endrecord>
Vesta 030L/E - Cassaforte elettronica da muro grande formato|Bordogna|Cassaforte a muro elettronica Bordogna Vesta 030L/E. La versione più spaziosa della 030, certificata EN 14450 S2 , combina un’ampia capacità interna con la sicurezza della chiusura digitale. Struttura monoblocco e finiture precise per un prodotto affidabi|873.00|610.00|58868153057629|https://cassefortieserrature.com/products/vesta-030l-e-cassaforte-elettronica-da-muro-grande-formato|disponibile|casseforti;casseforti a muro;Casseforti a Muro con combinazione elettronica;media;prezzo-600-1000|https://cdn.shopify.com/s/files/1/0866/2738/5693/files/Vesta-030L-E-aperta-1.jpg?v=1772638681|20.00|122.11.00.000||25.000|||| <endrecord>
Vesta 030L/T - Cassaforte meccanica da muro grande formato|Bordogna|Cassaforte a muro con combinatore meccanico Bordogna Vesta 030L/T. Versione più ampia della 030/T, questa cassaforte assicura maggiore capacità senza rinunciare alla solidità. Struttura monoblocco e chiusura di precisione ne fanno una scelta ideale per ch|860.00|600.00|58868131430749|https://cassefortieserrature.com/products/vesta-030l-t-cassaforte-meccanica-da-muro-grande-formato|disponibile|casseforti;casseforti a muro;Casseforti a muro con combinazione meccanica;media;prezzo-300-600|https://cdn.shopify.com/s/files/1/0866/2738/5693/files/Vesta-030L-T-aperta.jpg?v=1772638681|20.00|122.13.00.000||25.000|||| <endrecord>
Vesta 040/C - Cassaforte a chiave da muro|Bordogna|Cassaforte a muro con serratura a chiave doppia mappa Bordogna Vesta 040/C. La Vesta 040/C è una cassaforte solida e versatile, con chiusura certificata EN 1300 e porta spessa 10 mm. Ideale per proteggere contanti, gioielli e beni di valore, rappresenta i|738.00|515.00|58868012417373|https://cassefortieserrature.com/products/vesta-040-c-cassaforte-a-chiave-da-muro|disponibile|casseforti;casseforti a muro;Casseforti a muro con chiave;grande;prezzo-300-600|https://cdn.shopify.com/s/files/1/0866/2738/5693/files/Vesta-040-C-aperta.jpg?v=1772638679|20.00|122.14.00.000||37.000|||| <endrecord>
Vesta 040/E - Cassaforte elettronica da muro|Bordogna|Cassaforte elettronica con tastiera digitale Bordogna Vesta 040/E. Modello versatile e resistente, adatto per proteggere valori e documenti importanti. La chiusura elettronica consente una gestione sicura dei codici e un accesso immediato. Costruita inter|983.00|690.00|58868155842909|https://cassefortieserrature.com/products/vesta-040-e-cassaforte-elettronica-da-muro|disponibile|casseforti;casseforti a muro;Casseforti a Muro con combinazione elettronica;grande;prezzo-600-1000|https://cdn.shopify.com/s/files/1/0866/2738/5693/files/Vesta-040-E-aperta.jpg?v=1772638679|20.00|122.16.00.000||37.000|||| <endrecord>
Vesta 040/T - Cassaforte meccanica da muro|Bordogna|Cassaforte da muro con combinatore Bordogna Vesta 040/T. La Vesta 040/T combina sicurezza, funzionalità e design italiano. Dotata di chiusura a combinatore certificata EN 1300 , offre massima resistenza grazie alla costruzione in acciaio ad alto spessore |970.00|680.00|58868139721053|https://cassefortieserrature.com/products/vesta-040-t-cassaforte-meccanica-da-muro|disponibile|casseforti;casseforti a muro;Casseforti a muro con combinazione meccanica;grande;prezzo-600-1000|https://cdn.shopify.com/s/files/1/0866/2738/5693/files/Vesta-040-T-aperta-1.jpg?v=1772638679|20.00|122.18.00.000||37.000|||| <endrecord>
Vesta 040L/C - Cassaforte a chiave da muro grande formato|Bordogna|Cassaforte da muro a chiave doppia mappa Bordogna Vesta 040L/C. La versione più capiente della gamma a chiave, progettata per chi desidera proteggere oggetti di dimensioni maggiori. Struttura robusta e finitura di precisione 100% Made in Italy per una sic|780.00|545.00|58868023034205|https://cassefortieserrature.com/products/vesta-040l-c-cassaforte-a-chiave-da-muro-grande-formato|disponibile|casseforti;casseforti a muro;Casseforti a muro con chiave;grande;prezzo-300-600|https://cdn.shopify.com/s/files/1/0866/2738/5693/files/Vesta-040L-C-aperta.jpg?v=1772638681|20.00|122.15.00.000||39.000|||| <endrecord>
Vesta 040L/E - Cassaforte elettronica grande formato da muro|Bordogna|Cassaforte a muro elettronica Bordogna Vesta 040L/E. La più ampia della serie Vesta, offre capacità e sicurezza di livello professionale. Certificata EN 14450 Grado S2 , con struttura antitaglio e chiusura elettronica avanzata, rappresenta l’eccellenza de|1019.00|710.00|58868193919325|https://cassefortieserrature.com/products/vesta-040l-e-cassaforte-elettronica-grande-formato-da-muro|disponibile|casseforti;casseforti a muro;Casseforti a Muro con combinazione elettronica;grande;prezzo-600-1000|https://cdn.shopify.com/s/files/1/0866/2738/5693/files/Vesta-040L-E-aperta.jpg?v=1772638681|20.00|122.17.00.000||39.000|||| <endrecord>
Vesta 040L/T - Cassaforte meccanica da muro grande formato|Bordogna|Cassaforte a muro con chiusura meccanica Bordogna Vesta 040L/T. La versione più grande della gamma Vesta T, ideale per chi desidera ampio spazio di contenimento e sicurezza certificata. Struttura robusta, porta rinforzata e protezioni antitrapano garantis|1007.00|705.00|58868144243037|https://cassefortieserrature.com/products/vesta-040l-t-cassaforte-meccanica-da-muro-grande-formato|disponibile|casseforti;casseforti a muro;Casseforti a muro con combinazione meccanica;grande;prezzo-600-1000|https://cdn.shopify.com/s/files/1/0866/2738/5693/files/Vesta-040L-T-aperta-2.jpg?v=1772638681|20.00|122.19.00.000||39.000|||| <endrecord>
